variety_id,crop,variety_name,year_of_release,stress_tolerance,key_attributes,states_acronyms,seasons,days_to_maturity,evidence_quality,stress_types_list,seednet_match,seednet_url,seednet_variety_id,search_results_total,institution,data_source
PADDY__DHAN___PR-114__A01021101,Rice,PR-124,2015,Yes,"Cold, Disease, Drought, Flood, Heat, Pest, Salt",HAR,Unknown,,High,Cold|Disease|Drought|Flood|Heat|Pest|Salt,YES,https://seednet.gov.in/SeedVarieties/ssrsVarietydetail.aspx?varietycd=A0102164,A0102164,184,PAU,csc
BENGAL_GRAM__GRAM_CH__PUSA-212__A0410143,Soybean,Pusa 12,2015,Yes,"Cold, Disease, Drought, Flood, Heat, Pest, Salt","PB, HR, DL, UK, UTT",Unknown,,High,Cold|Disease|Drought|Flood|Heat|Pest|Salt,YES,https://seednet.gov.in/SeedVarieties/ssrsVarietydetail.aspx?varietycd=A0302080,A0302080,163,Indian Agricultural Research Institute,csc
MAIZE__MAKKA___P-3540__A020716549,Maize,P-3580,2015,Yes,"Disease, Heat, Salt","AP, KA, TAM",Unknown,,Low,Disease|Heat|Salt,YES,https://seednet.gov.in/SeedVarieties/ssrsVarietydetail.aspx?varietycd=A0207705,A0207705,18,Pioneer Overseas Corporation,csc
PEARL_MILLET__BAJRA___86M90__A0209429,Pearl Millet,86M01,2015,No,Standard variety,"RJ, GJ, HR, UP, MP",Unknown,,Low,,YES,https://seednet.gov.in/SeedVarieties/ssrsVarietydetail.aspx?varietycd=A0209426,A0209426,2,Pioneer Overseas Corporation,csc
PADDY__DHAN___Shalimar_Rice-2__nan,Rice,Shalimar Rice-2,2015,Yes,"Cold, Disease, Drought, Flood, Heat, Pest, Salt",JK,Unknown,,High,Cold|Disease|Drought|Flood|Heat|Pest|Salt,YES,https://seednet.gov.in/SeedVarieties/ssrsVarietydetail.aspx?varietycd=A01021709,A01021709,115,SKUAST,csc
PADDY__DHAN___Shalimar_Rice-3__nan,Rice,Shalimar Rice-3,2015,Yes,"Cold, Disease, Drought, Flood, Heat, Pest, Salt",JK,Unknown,,High,Cold|Disease|Drought|Flood|Heat|Pest|Salt,YES,https://seednet.gov.in/SeedVarieties/ssrsVarietydetail.aspx?varietycd=A01021707,A01021707,137,SKUAST,csc
WHEAT__GEHON___Shalimar_Wheat-2__SKW-355___nan,Bread Wheat,Shalimar Wheat-2,2015,No,Standard variety,JK,Unknown,,Low,,YES,https://seednet.gov.in/SeedVarieties/ssrsVarietydetail.aspx?varietycd=A0104618,A0104618,0,SKUAST,csc
OAT__Shalimar_Fodder_Oats-3__nan,Fodder Oat,Shalimar Fodder Oats-4,2015,Yes,"Cold, Disease, Drought, Flood, Heat, Pest, Salt",JK,Unknown,,Medium,Cold|Disease|Drought|Flood|Heat|Pest|Salt,YES,https://seednet.gov.in/SeedVarieties/ssrsVarietydetail.aspx?varietycd=A0609052,A0609052,31,SKUAST,csc
LENTIL__MASUR___Shalimar_Masoor-3__A0309103,Lentil,Shalimar Masoor-2,2015,Yes,"Disease, Drought, Flood, Heat, Pest",JK,Unknown,,Low,Disease|Drought|Flood|Heat|Pest,YES,https://seednet.gov.in/SeedVarieties/ssrsVarietydetail.aspx?varietycd=A0309121,A0309121,16,SKUAST,csc
BRINJAL__Arka_Avinash__nan,Brinjal,Arka Avinash,2022,Yes,"Cold, Disease, Drought, Flood, Heat, Pest, Salt","KA, KER",Unknown,,High,Cold|Disease|Drought|Flood|Heat|Pest|Salt,YES,https://seednet.gov.in/SeedVarieties/ssrsVarietydetail.aspx?varietycd=H070217522,H070217522,79,ICAR- IIHR,csc
BRINJAL__Phule_Krishna__H070217531,Brinjal or eggplant,Pusa Krishna,2022,No,Standard variety,MAD,Unknown,,Low,,YES,https://seednet.gov.in/SeedVarieties/ssrsVarietydetail.aspx?varietycd=H070216633,H070216633,1,ICAR- IARI,csc
BRINJAL__Kashi_Brinjal_Green_Round__IVBR-17___nan,Brinjal,Kashi Brinjal Green Round,2022,Yes,"Cold, Disease, Drought, Flood, Heat, Pest, Salt","PB, UP, BIH",Unknown,,Low,Cold|Disease|Drought|Flood|Heat|Pest|Salt,YES,https://seednet.gov.in/SeedVarieties/ssrsVarietydetail.aspx?varietycd=H070217532,H070217532,14,"ICAR-IIVR, Post Box No. 01, Post Office Jakhnini (Shahanshahpur)",csc
CABBAGE__KTCBH-822__nan,Cabbage,KTCBH-822,2022,Yes,"Cold, Disease, Drought, Flood, Heat, Pest, Salt","JAM, HP, UK",Unknown,,High,Cold|Disease|Drought|Flood|Heat|Pest|Salt,YES,https://seednet.gov.in/SeedVarieties/ssrsVarietydetail.aspx?varietycd=H030217524,H030217524,122,"ICAR- IARI, Regional Station Katrain",csc
CAULIFLOWER__Pusa_Cauliflower_Hybrid_101__DCH-1467___nan,Cauliflower,Pusa Cauliflower Hybrid 101,2022,No,Standard variety,"OR, CHH",Unknown,,Low,,YES,https://seednet.gov.in/SeedVarieties/ssrsVarietydetail.aspx?varietycd=H030317528,H030317528,0,ICAR- IARI,csc
CARROT__Pusa_Prateek__IPC-3___nan,Carrot,Pusa Prateek,2022,Yes,"Cold, Disease, Drought, Flood, Heat, Pest, Salt","MP, MH, GA, KA, TN",Unknown,,Low,Cold|Disease|Drought|Flood|Heat|Pest|Salt,YES,https://seednet.gov.in/SeedVarieties/ssrsVarietydetail.aspx?varietycd=H100217561,H100217561,18,ICAR- IARI,csc
CUCUMBER__Pusa_Capsicum-1__KTC-1___nan,Capsicum,Pusa Capsicum-1,2022,No,Standard variety,"RJ, GJ, HR, DL, KA",Unknown,,Low,,YES,https://seednet.gov.in/SeedVarieties/ssrsVarietydetail.aspx?varietycd=H040317540,H040317540,0,"ICAR- IARI, Regional Station Katrain",csc
PADDY__DHAN___Chhattisgarh_Ragi-2__nan,Greater Yam,Chhattisgarh Ratalu-2,2022,Yes,"Cold, Disease, Drought, Flood, Heat, Pest, Salt","JK, HIM",Unknown,,High,Cold|Disease|Drought|Flood|Heat|Pest|Salt,YES,https://seednet.gov.in/SeedVarieties/ssrsVarietydetail.aspx?varietycd=A01022030,A01022030,103,Shaheed Gudadhoor College of Agriculture and Research Station (Chhattisgarh Gandhi Krishi Vishwavidyalaya),csc
INDIAN_BEAN__DOLICHO__Kashi_Bouni_Sem-9__nan,Indian Bean,Kashi Bouni Sem-9,2022,Yes,"Cold, Disease, Drought, Flood, Heat, Pest, Salt",CHH,Unknown,,Medium,Cold|Disease|Drought|Flood|Heat|Pest|Salt,YES,https://seednet.gov.in/SeedVarieties/ssrsVarietydetail.aspx?varietycd=H120717546,H120717546,43,"IIVR, Post Box No. 01, Post Office Jakhini (Shahanshahpur)",csc
INDIAN_BEAN__DOLICHO__kashi_Bauni_Sem-3__nan,Indian Bean,Kashi Bouni Sem-3,2022,Yes,"Cold, Disease, Drought, Flood, Heat, Pest, Salt",MAD,Unknown,,Low,Cold|Disease|Drought|Flood|Heat|Pest|Salt,YES,https://seednet.gov.in/SeedVarieties/ssrsVarietydetail.aspx?varietycd=H120717548,H120717548,17,"IIVR, Post Box No. 01, Post Office Jakhini (Shahanshahpur)",csc
INDIAN_BEAN__DOLICHO__Pusa_Sem_Lal__DB-5___nan,Indian Bean,Pusa Sem Lal,2022,No,Standard variety,"DL, HR, GJ, MP, MH",Unknown,,Low,,YES,https://seednet.gov.in/SeedVarieties/ssrsVarietydetail.aspx?varietycd=H120717549,H120717549,0,ICAR-IARI,csc
BRINJAL__Pusa_Hybrid-6__nan,Bitter gourd,Pusa Hybrid-6,2022,Yes,"Cold, Disease, Drought, Flood, Heat, Pest, Salt","PB, UP, BR, JH, RJ",Unknown,,High,Cold|Disease|Drought|Flood|Heat|Pest|Salt,YES,https://seednet.gov.in/SeedVarieties/ssrsVarietydetail.aspx?varietycd=H0702072,H0702072,181,"Division of Vegetable Science, ICAR-IARI",csc
BOTTLE_GOURD__Punjab_Barkat__nan,Bottle gourd,Punjab Barkat,2022,Yes,"Cold, Disease, Drought, Flood, Heat, Pest, Salt","HP, UK, JAM",Unknown,,High,Cold|Disease|Drought|Flood|Heat|Pest|Salt,YES,https://seednet.gov.in/SeedVarieties/ssrsVarietydetail.aspx?varietycd=H040217562,H040217562,106,PAU,csc
WATERMELON__NWMH-945__nan,Watermelon,NWMH-945,2022,Yes,"Cold, Disease, Drought, Flood, Heat, Pest",MEG,Unknown,,Low,Cold|Disease|Drought|Flood|Heat|Pest,YES,https://seednet.gov.in/SeedVarieties/ssrsVarietydetail.aspx?varietycd=H041917582,H041917582,11,Nirmal Seeds Pvt. Ltd.,csc
GRAPES__Manjari_Medika__nan,Grape,Manjari Medika,2022,Yes,"Cold, Disease, Drought, Flood, Heat, Pest, Salt","PB, UP, BR, JH, MP",Unknown,,High,Cold|Disease|Drought|Flood|Heat|Pest|Salt,YES,https://seednet.gov.in/SeedVarieties/ssrsVarietydetail.aspx?varietycd=H060317583,H060317583,174,"ICAR-National Research Centre for Grapes, Majari Farm",csc
GRAPES__Manjari_Shyama__nan,Grape,Manjari Shyama,2022,Yes,"Cold, Disease, Drought, Flood, Heat, Pest, Salt","MH, KA, TEL",Unknown,,High,Cold|Disease|Drought|Flood|Heat|Pest|Salt,YES,https://seednet.gov.in/SeedVarieties/ssrsVarietydetail.aspx?varietycd=H060317584,H060317584,132,"ICAR-National Research Centre for Grapes, Majari Farm",csc
GRAPES__Manjari_Kishmis__nan,Grape,Manjari Kishmish,2022,No,Standard variety,"MH, KA, TEL",Unknown,,Low,,YES,https://seednet.gov.in/SeedVarieties/ssrsVarietydetail.aspx?varietycd=H060317585,H060317585,0,"ICAR-National Research Centre for Grapes, Majari Farm",csc
FENUGREEK__RMT-350__H080117593,Fenugreek,RMt-354,2022,No,Standard variety,"MH, KA, TEL",Unknown,,Low,,YES,https://seednet.gov.in/SeedVarieties/ssrsVarietydetail.aspx?varietycd=H0801017,H0801017,2,"AICRP on Spices, Deptt. Of Plant Breeding and Genetics, S.K.N. College of Agriculture, (SKN Agriculture University)",csc
FENUGREEK__Gujarat_Methi_3__nan,Fenugreek,Gujarat Methi 3,2022,Yes,"Cold, Disease, Drought, Flood, Heat, Pest, Salt","RJ, GJ, UP, BR, MAD",Unknown,,Medium,Cold|Disease|Drought|Flood|Heat|Pest|Salt,YES,https://seednet.gov.in/SeedVarieties/ssrsVarietydetail.aspx?varietycd=H080117594,H080117594,41,"Research Scientist (Spices), Seed Spices Research Station, Sardarkrushinagar Dantiwada Agricultural University",csc
AJWAIN__BISHOPS_WEED__Dr__YSHRU_Lam_Varsha__nan,Ajwain,Dr. YSRHU Lam Varsha,2022,No,Standard variety,"GJ, UK, AND",Unknown,,Low,,YES,https://seednet.gov.in/SeedVarieties/ssrsVarietydetail.aspx?varietycd=H130517591,H130517591,0,"AICRP on Spices, Dr. Y.S.R. Horticultural University, Horticultural Research Station",csc
FENNEL__RF-125__nan,Fennel,RF-157,2022,Yes,"Cold, Disease, Drought, Flood, Heat, Pest, Salt","RJ, GJ, AND",Unknown,,High,Cold|Disease|Drought|Flood|Heat|Pest|Salt,YES,https://seednet.gov.in/SeedVarieties/ssrsVarietydetail.aspx?varietycd=H1303002,H1303002,158,"AICRP on Spices, Deptt. Of Plant Breeding and Genetics, S.K.N. College of Agriculture, (SKN Agriculture University)",csc
TOMATO__SJCT01_Jammu_Cherry_Tomato-09__nan,Cherry Tomato,SJCT01/ Jammu Cherry tomato-09,2022,Yes,"Cold, Disease, Drought, Flood, Pest, Salt",JK,Unknown,,Low,Cold|Disease|Drought|Flood|Pest|Salt,YES,https://seednet.gov.in/SeedVarieties/ssrsVarietydetail.aspx?varietycd=H070517518,H070517518,15,Division of Vegetable Science and floriculture,csc
WHEAT__GEHON___Him_Pratham__H070517519,Cherry Tomato,Him Palam,2022,No,Standard variety,HIM,Unknown,,Low,,YES,https://seednet.gov.in/SeedVarieties/ssrsVarietydetail.aspx?varietycd=A0104543,A0104543,1,CSK Himachal Pradesh Krishi Vishvavidyalaya,csc
TOMATO__Pusa_Golden_Cherry_Tomato-2__nan,Cherry Tomato,Pusa Golden Cherry Tomato-2,2022,Yes,"Cold, Disease, Drought, Flood, Heat, Pest, Salt",NCT,Unknown,,High,Cold|Disease|Drought|Flood|Heat|Pest|Salt,YES,https://seednet.gov.in/SeedVarieties/ssrsVarietydetail.aspx?varietycd=H070517520,H070517520,103,"Centre for Protected cultivation Technology, ICAR-IARI",csc
ONION__PRO-7__nan,Onion,PRO-7,2022,Yes,"Cold, Disease, Drought, Flood, Heat, Pest, Salt",PB,Unknown,,High,Cold|Disease|Drought|Flood|Heat|Pest|Salt,YES,https://seednet.gov.in/SeedVarieties/ssrsVarietydetail.aspx?varietycd=H010217542,H010217542,180,Department of Vegetable Science,csc
ONION__POH-1__nan,Onion,POH-1,2022,Yes,"Cold, Disease, Drought, Flood, Heat, Pest, Salt",PB,Unknown,,High,Cold|Disease|Drought|Flood|Heat|Pest|Salt,YES,https://seednet.gov.in/SeedVarieties/ssrsVarietydetail.aspx?varietycd=H010217543,H010217543,173,Department of Vegetable Science,csc
ONION__PYO-1__nan,Onion,PYO-1,2022,Yes,"Cold, Disease, Drought, Flood, Heat, Pest, Salt",PB,Unknown,,High,Cold|Disease|Drought|Flood|Heat|Pest|Salt,YES,https://seednet.gov.in/SeedVarieties/ssrsVarietydetail.aspx?varietycd=H010217545,H010217545,141,Department of Vegetable Science,csc
GROUNDNUT__PEA_NUT_M__POL-2__H010217547,Onion,PWO-2,2022,No,Standard variety,PB,Unknown,,Low,,YES,https://seednet.gov.in/SeedVarieties/ssrsVarietydetail.aspx?varietycd=A0402049,A0402049,10,Department of Vegetable Science,csc
BITTER_GOURD__Punjab_Kareli-1__H040117557,Bitter gourd,Punjab Karela-15,2022,Yes,"Cold, Disease, Drought, Flood, Heat, Pest, Salt",PB,Unknown,,High,Cold|Disease|Drought|Flood|Heat|Pest|Salt,YES,https://seednet.gov.in/SeedVarieties/ssrsVarietydetail.aspx?varietycd=H040116798,H040116798,85,Department of Vegetable Science,csc
CHILLIES__Him_Palam_Mirch-1__DPCh-27___nan,Chilli,Him Palam Mirch-1,2022,Yes,"Disease, Drought, Flood, Heat, Pest",HP,Unknown,,Low,Disease|Drought|Flood|Heat|Pest,YES,https://seednet.gov.in/SeedVarieties/ssrsVarietydetail.aspx?varietycd=H070317508,H070317508,12,"Department of Vegetable Science and Floriculture, CSK Himachal Pradesh Krishi Vishvavidyalaya",csc
CHILLIES__Him_Palam_Mirch-1__DPCh-27___nan,Chilli,Him Palam Mirch-2,2022,Yes,"Disease, Drought, Flood, Heat, Pest",HP,Unknown,,Low,Disease|Drought|Flood|Heat|Pest,YES,https://seednet.gov.in/SeedVarieties/ssrsVarietydetail.aspx?varietycd=H070317508,H070317508,12,"Department of Vegetable Science and Floriculture, CSK Himachal Pradesh Krishi Vishvavidyalaya",csc
BRINJAL__GAb_6__Anand_Doli__nan,Brinjal,GAB 6: Anand Doli,2022,Yes,"Cold, Disease, Drought, Flood, Heat, Pest, Salt",GJ,Unknown,,High,Cold|Disease|Drought|Flood|Heat|Pest|Salt,YES,https://seednet.gov.in/SeedVarieties/ssrsVarietydetail.aspx?varietycd=H070217537,H070217537,58,"Main Vegetable Research Station, Anand Vegetable University",csc
BRINJAL__Birsa_Chianki_Baigan-1__CB-1___nan,Brinjal,Birsa Chianki Baigan-1,2022,No,Standard variety,JH,Unknown,,Low,,YES,https://seednet.gov.in/SeedVarieties/ssrsVarietydetail.aspx?varietycd=H070217539,H070217539,0,"Zonal Research Station Birsa Agricultural University, Ranchi",csc
BRINJAL__Sorath_Ravaiya_GRB-7__JBR-14-07___nan,Brinjal,Sorath Ravaiya GRB-7,2022,No,Standard variety,GJ,Unknown,,Low,,YES,https://seednet.gov.in/SeedVarieties/ssrsVarietydetail.aspx?varietycd=H070217500,H070217500,0,"Research Scientist (Garlic-Onion), Vegetable Research Station, Junagadh Agricultural University",csc
BRINJAL__VMB-16-10__nan,Brinjal,VMB-16-10,2022,Yes,"Cold, Disease, Drought, Flood, Heat, Pest, Salt",TN,Unknown,,Medium,Cold|Disease|Drought|Flood|Heat|Pest|Salt,YES,https://seednet.gov.in/SeedVarieties/ssrsVarietydetail.aspx?varietycd=H070217504,H070217504,32,Agricultural Research Station,csc
BRINJAL__GUJARAT_BRINJAL_LONG-1__H070217507,Brinjal,Gujarat Round Brinjal 8,2022,No,"Disease, Pest",GJ,Unknown,,Low,Disease|Pest,YES,https://seednet.gov.in/SeedVarieties/ssrsVarietydetail.aspx?varietycd=H0702023,H0702023,3,"Research Science (Veg.), Main Vegetable Research Station Anand Agricultural University",csc
BRINJAL__Bidhan_Suphala__BCB-40___nan,Brinjal,Bidhan Suphala,2022,Yes,"Cold, Disease, Drought, Flood, Heat, Pest, Salt",WB,Unknown,,Medium,Cold|Disease|Drought|Flood|Heat|Pest|Salt,YES,https://seednet.gov.in/SeedVarieties/ssrsVarietydetail.aspx?varietycd=H070217509,H070217509,21,"AICRP on Vegetable crops, Directorate of Research, Bidhan Chandra Krishi Vishwavidyalaya",csc
BRINJAL__Pusa_Safed_Baingan-2__nan,Brinjal,Pusa Safed Baingan-2,2022,Yes,"Cold, Disease, Drought, Flood, Heat, Pest, Salt",NCT,Unknown,,Medium,Cold|Disease|Drought|Flood|Heat|Pest|Salt,YES,https://seednet.gov.in/SeedVarieties/ssrsVarietydetail.aspx?varietycd=H070217513,H070217513,46,ICAR- IARI,csc
BRINJAL__Pusa_Hara_Baingan-2__nan,Brinjal,Pusa Hara Baingan 2,2022,Yes,"Cold, Disease, Drought, Flood, Heat, Pest, Salt",NCT,Unknown,,Medium,Cold|Disease|Drought|Flood|Heat|Pest|Salt,YES,https://seednet.gov.in/SeedVarieties/ssrsVarietydetail.aspx?varietycd=H070217514,H070217514,43,ICAR-IARI,csc
CUCUMBER__Punjab_Kheera-1__PBRK-4___nan,Cucumber,Punjab Kheera-1,2022,No,Standard variety,PB,Unknown,,Low,,YES,https://seednet.gov.in/SeedVarieties/ssrsVarietydetail.aspx?varietycd=H040317533,H040317533,0,Department of Vegetable Science,csc
CUCUMBER__Him_Palam_Kheera-1__DDPCG1___nan,Cucumber,Him Palam Kheera-1,2022,No,Standard variety,HP,Unknown,,Low,,YES,https://seednet.gov.in/SeedVarieties/ssrsVarietydetail.aspx?varietycd=H040317535,H040317535,0,CSK Himachal Pradesh Krishi Vishvavidyalaya,csc
CUCUMBER__Pusa_Pickling_Cucumber_8_DG-8___nan,Cucumber,Pusa Pickling Cucumber-8,2022,Yes,"Cold, Disease, Drought, Flood, Heat, Pest, Salt",NCT,Unknown,,Medium,Cold|Disease|Drought|Flood|Heat|Pest|Salt,YES,https://seednet.gov.in/SeedVarieties/ssrsVarietydetail.aspx?varietycd=H040317538,H040317538,34,ICAR-IARI,csc
RADISH__CR-45__nan,Radish,CR-45,2022,Yes,"Cold, Disease, Drought, Flood, Heat, Pest, Salt",JK,Unknown,,High,Cold|Disease|Drought|Flood|Heat|Pest|Salt,YES,https://seednet.gov.in/SeedVarieties/ssrsVarietydetail.aspx?varietycd=H100317558,H100317558,152,Division of Vegetable Science and floriculture,csc
RADISH__Him_Palam_Mooli-1__DPR-1___nan,Radish,Him Palam Mooli-1,2022,Yes,"Disease, Drought, Flood, Heat, Pest",HP,Unknown,,Medium,Disease|Drought|Flood|Heat|Pest,YES,https://seednet.gov.in/SeedVarieties/ssrsVarietydetail.aspx?varietycd=H100317541,H100317541,22,"Department of Science Floriculture, CSK Himachal Pradesh Krishi Vishvavidyalaya",csc
CABBAGE__Pusa_Red_Cabbage_Hybrid_1__KTCBH-R-7___nan,Cabbage (Red),Pusa Red Cabbage Hybrid-1,2022,No,Standard variety,NCT,Unknown,,Low,,YES,https://seednet.gov.in/SeedVarieties/ssrsVarietydetail.aspx?varietycd=H030217525,H030217525,0,"ICAR-IARI, Regional Station",csc
CABBAGE__Pusa_Pakchoi-1__nan,Pakchoi/ Cabbage,Pusa Pakchoi-1,2022,Yes,"Cold, Disease, Drought, Flood, Heat, Pest, Salt",NCT,Unknown,,Medium,Cold|Disease|Drought|Flood|Heat|Pest|Salt,YES,https://seednet.gov.in/SeedVarieties/ssrsVarietydetail.aspx?varietycd=H030217526,H030217526,35,"Centre for Protected Cultivation Technology, I.A.R.I.",csc
CAULIFLOWER__Pusa_Snowball_Hybrid-2__KTH-DH-1___nan,Cauliflower,Pusa Snowball Hybrid-2,2022,Yes,"Disease, Drought, Heat, Pest, Salt",NCT,Unknown,,Low,Disease|Drought|Heat|Pest|Salt,YES,https://seednet.gov.in/SeedVarieties/ssrsVarietydetail.aspx?varietycd=H030317529,H030317529,7,ICAR-IARI,csc
CAULIFLOWER__Pusa_Cauliflower_Hybrid_3__DCH-976___nan,Cauliflower,Pusa cauliflower Hybrid 3,2022,Yes,"Cold, Disease, Drought, Flood, Heat, Pest, Salt",NCT,Unknown,,Low,Cold|Disease|Drought|Flood|Heat|Pest|Salt,YES,https://seednet.gov.in/SeedVarieties/ssrsVarietydetail.aspx?varietycd=H030317530,H030317530,17,ICAR-IARI,csc
SPINACH__Pusa_Vilayati_Palak__nan,Spinach,Pusa Vilayati Palak,2022,Yes,"Cold, Disease, Drought, Flood, Heat, Pest, Salt",NCT,Unknown,,High,Cold|Disease|Drought|Flood|Heat|Pest|Salt,YES,https://seednet.gov.in/SeedVarieties/ssrsVarietydetail.aspx?varietycd=H080317569,H080317569,62,ICAR-IARI,csc
BHINDI__OKRA___Pusa_Kranti__H070417570,Okra,Pusa Okra,2022,Yes,"Cold, Disease, Drought, Flood, Heat, Pest, Salt",NCT,Unknown,,High,Cold|Disease|Drought|Flood|Heat|Pest|Salt,YES,https://seednet.gov.in/SeedVarieties/ssrsVarietydetail.aspx?varietycd=H0704275,H0704275,183,ICAR-IARI,csc
BITTER_GOURD__Hybrid__nan,Okra,Hybrid-1,2022,Yes,"Cold, Disease, Drought, Flood, Heat, Pest, Salt",MH,Unknown,,High,Cold|Disease|Drought|Flood|Heat|Pest|Salt,YES,https://seednet.gov.in/SeedVarieties/ssrsVarietydetail.aspx?varietycd=H0401189,H0401189,210,Junior Breeding Cum Horticulturist,csc
BHINDI__OKRA___Gujarat_Anand_Okra-5__GAO-5___H070417572,Okra,Gujarat Anand Okra 8,2022,No,Standard variety,GJ,Unknown,,Low,,YES,https://seednet.gov.in/SeedVarieties/ssrsVarietydetail.aspx?varietycd=H0704038,H0704038,0,"Horticultural Research University, Tamil Nadu Agricultural University",csc
SPINACH__OOTY-1__H010117573,Garlic,Ooty 2,2022,Yes,"Cold, Disease, Drought, Flood, Heat, Pest, Salt",TN,Unknown,,High,Cold|Disease|Drought|Flood|Heat|Pest|Salt,YES,https://seednet.gov.in/SeedVarieties/ssrsVarietydetail.aspx?varietycd=H0803002,H0803002,185,"Department of Vegetable Science and Floriculture, CSK Himachal Pradesh Krishi Vishvavidyalaya",csc
PEA__VEGETABLE___Hima_Palam_Matar_2__H120617576,Garden Pea,Him Palam Matar-1,2022,No,Standard variety,HP,Unknown,,Low,,YES,https://seednet.gov.in/SeedVarieties/ssrsVarietydetail.aspx?varietycd=H120617577,H120617577,0,CSKHPKV,csc
PEA__VEGETABLE___Hima_Palam_Matar_2__nan,Garden Pea,Him Palam Matar-2,2022,No,Standard variety,HP,Unknown,,Low,,YES,https://seednet.gov.in/SeedVarieties/ssrsVarietydetail.aspx?varietycd=H120617577,H120617577,0,ICAR CIAH,csc
BOTTLE_GOURD__PLR_2__nan,Bottle gourd,PLR 2,2022,Yes,"Cold, Disease, Drought, Flood, Heat, Pest, Salt",TN,Unknown,,High,Cold|Disease|Drought|Flood|Heat|Pest|Salt,YES,https://seednet.gov.in/SeedVarieties/ssrsVarietydetail.aspx?varietycd=H040217563,H040217563,151,ICAR-IARI,csc
BRINJAL__PUSA_HYBRID-5__nan,Bitter gourd,Pusa Hybrid 5,2022,Yes,"Cold, Disease, Drought, Flood, Heat, Pest, Salt",NCT,Unknown,,High,Cold|Disease|Drought|Flood|Heat|Pest|Salt,YES,https://seednet.gov.in/SeedVarieties/ssrsVarietydetail.aspx?varietycd=H0702005,H0702005,169,"Department of Vegetable Science, CCS Haryana Agricultural University",csc
BRINJAL__PUNJAB_BAHAR__H041317552,Sponge gourd,Punjab Nikhar,2022,Yes,"Cold, Disease, Drought, Flood, Heat, Pest, Salt",PB,Unknown,,High,Cold|Disease|Drought|Flood|Heat|Pest|Salt,YES,https://seednet.gov.in/SeedVarieties/ssrsVarietydetail.aspx?varietycd=H0702055,H0702055,168,ICAR-IARI,csc
SPONGE_GOURD__Pusa_Spong_Guard-29__nan,Sponge gourd,Pusa Spong Gourd-29,2022,No,Standard variety,NCT,Unknown,,Low,,YES,https://seednet.gov.in/SeedVarieties/ssrsVarietydetail.aspx?varietycd=H041317553,H041317553,0,Department of Vegetable Science,csc
BOTTLE_GOURD__MAH-810__H060617579,Jack Fruit,AH 10,2022,No,Standard variety,TN,Unknown,,Low,,YES,https://seednet.gov.in/SeedVarieties/ssrsVarietydetail.aspx?varietycd=H0402050,H0402050,0,Anand Vegetable University,csc
GUAR__CLUSTER_BEAN_F__GVG_11__Anand_Bahar__nan,Cluster bean,GVG 11: Anand Bahar,2022,No,Standard variety,GJ,Unknown,,Low,,YES,https://seednet.gov.in/SeedVarieties/ssrsVarietydetail.aspx?varietycd=A060617574,A060617574,2,ICAR-IARI,csc
BITTER_GOURD__Pusa_Vishesh__H041817580,Summer squash,Pusa Shreyash,2022,Yes,"Cold, Disease, Drought, Flood, Heat, Pest, Salt",NCT,Unknown,,High,Cold|Disease|Drought|Flood|Heat|Pest|Salt,YES,https://seednet.gov.in/SeedVarieties/ssrsVarietydetail.aspx?varietycd=H0401255,H0401255,182,ICAR-IARI,csc
MANGO__Arka_Neelachal_Kesari__nan,Mango,Arka Neelachal Kesari,2022,Yes,"Cold, Disease, Drought, Flood, Heat, Pest, Salt",OR,Unknown,,High,Cold|Disease|Drought|Flood|Heat|Pest|Salt,YES,https://seednet.gov.in/SeedVarieties/ssrsVarietydetail.aspx?varietycd=H060217586,H060217586,158,"Department of Fruit Science, Horticultural College & Research Institute Tamil Nadu Agricultural University",csc
PAPAYA__TNAU_Papaya_CO_8__nan,Papaya,TNAU Papaya CO 8,2022,Yes,"Cold, Disease, Drought, Flood, Heat, Pest, Salt",TN,Unknown,,High,Cold|Disease|Drought|Flood|Heat|Pest|Salt,YES,https://seednet.gov.in/SeedVarieties/ssrsVarietydetail.aspx?varietycd=H061917587,H061917587,166,ICAR-IARI,csc
CAULIFLOWER__PUSA_KATKI__H040617588,Muskmelon,Pusa Kazri,2022,Yes,"Cold, Disease, Drought, Flood, Heat, Pest, Salt",NCT,Unknown,,High,Cold|Disease|Drought|Flood|Heat|Pest|Salt,YES,https://seednet.gov.in/SeedVarieties/ssrsVarietydetail.aspx?varietycd=H0303021,H0303021,186,ICAR-IARI,csc
SPONGE_GOURD__Pusa_Sneha__H0406081,Muskmelon,Pusa sunehari,2022,Yes,"Cold, Disease, Drought, Flood, Heat, Pest, Salt",NCT,Unknown,,High,Cold|Disease|Drought|Flood|Heat|Pest|Salt,YES,https://seednet.gov.in/SeedVarieties/ssrsVarietydetail.aspx?varietycd=H0413002,H0413002,179,"Division of Fruit Science, Sher-e-Kashmir University of Agricultural Science and Technology of Jammu",csc
BHINDI__OKRA___Bhushan__nan,Walnut,Bhushan,2022,Yes,"Cold, Disease, Drought, Flood, Heat, Pest, Salt",JK,Unknown,,High,Cold|Disease|Drought|Flood|Heat|Pest|Salt,YES,https://seednet.gov.in/SeedVarieties/ssrsVarietydetail.aspx?varietycd=H0704157,H0704157,194,"AICRP on Spices, Dr. Y.S.R. Horticultural University, Horticultural Research Station",csc
CAULIFLOWER__No_71__nan,Okra,GNO-1,2022,Yes,"Cold, Disease, Drought, Flood, Heat, Pest, Salt",GJ,Unknown,,High,Cold|Disease|Drought|Flood|Heat|Pest|Salt,YES,https://seednet.gov.in/SeedVarieties/ssrsVarietydetail.aspx?varietycd=H0303149,H0303149,193,"ASPEE College of Horticultural & Forestry, Navasari Agricultural University",csc
BOTTLE_GOURD__TNAU_Bottle_Gourd_Hybrid_CO_1__nan,Ash gourd,TNAU Ash gourd Hybrid Co 1,2022,Yes,"Cold, Disease, Drought, Flood, Heat, Pest, Salt",TN,Unknown,,Medium,Cold|Disease|Drought|Flood|Heat|Pest|Salt,YES,https://seednet.gov.in/SeedVarieties/ssrsVarietydetail.aspx?varietycd=H0402016,H0402016,49,"Department of vegetable Science, College of Agriculture",csc
BENGAL_GRAM__GRAM_CH__GNG-16__nan,Mango ginger,GNMG-1,2022,Yes,"Cold, Disease, Drought, Flood, Heat, Pest, Salt",GJ,Unknown,,High,Cold|Disease|Drought|Flood|Heat|Pest|Salt,YES,https://seednet.gov.in/SeedVarieties/ssrsVarietydetail.aspx?varietycd=A0302083,A0302083,127,"Department of Horticulture, BACA, Anand Vegetable University",csc
MANGO__Arka_Neelachal_Kesari__nan,Pointed gourd,Arka Neelachal Kirti,2022,Yes,"Cold, Disease, Drought, Flood, Heat, Pest, Salt",OR,Unknown,,High,Cold|Disease|Drought|Flood|Heat|Pest|Salt,YES,https://seednet.gov.in/SeedVarieties/ssrsVarietydetail.aspx?varietycd=H060217586,H060217586,167,Central Horticultural Experiment Station (ICAR-IIHR),csc
BRINJAL__Birsa_Chianki_Baigan-1__CB-1___nan,Brinjal,Birsa Chianki Baigan-2,2022,No,Standard variety,JH,Unknown,,Low,,YES,https://seednet.gov.in/SeedVarieties/ssrsVarietydetail.aspx?varietycd=H070217539,H070217539,0,"Zonal Research Station Birsa Agricultural University, Ranchi",csc
MANGO__Arka_Neelachal_Kesari__nan,Spine gourd/ Teasel gourd,Arka Neelachal Gaurav,2022,Yes,"Cold, Disease, Drought, Flood, Heat, Pest, Salt",OR,Unknown,,High,Cold|Disease|Drought|Flood|Heat|Pest|Salt,YES,https://seednet.gov.in/SeedVarieties/ssrsVarietydetail.aspx?varietycd=H060217586,H060217586,167,Central Horticultural Experiment Station,csc
BRINJAL__GNRB-1__nan,Brinjal,GNRB-1,2022,Yes,"Cold, Disease, Drought, Flood, Heat, Pest, Salt","JK, UTT",Unknown,,High,Cold|Disease|Drought|Flood|Heat|Pest|Salt,YES,https://seednet.gov.in/SeedVarieties/ssrsVarietydetail.aspx?varietycd=H070217536,H070217536,162,"Department of Vegetable Science, ASPEE College of Horticulture & Forestry Navasari Agricultural University",csc
PEARL_MILLET__BAJRA___Avika_Bajra_Chari__AVKS-19___nan,Pearl Millet,AVIKA BAJRA CHARI,2009,No,Standard variety,NOT,Unknown,Not specified in document,Low,,YES,https://seednet.gov.in/SeedVarieties/ssrsVarietydetail.aspx?varietycd=A0209294,A0209294,1,Not specified in document,csc
INDIAN_RAPESEED_AND___RB-50__nan,Indian mustard,RB-50,2009,Yes,"Cold, Disease, Drought, Flood, Heat, Pest, Salt",NOT,Unknown,Not specified in document,High,Cold|Disease|Drought|Flood|Heat|Pest|Salt,YES,https://seednet.gov.in/SeedVarieties/ssrsVarietydetail.aspx?varietycd=A0403120,A0403120,187,Not specified in document,csc
PADDY__DHAN___CO_R_52__nan,Rice,CO(R) 50,2009,Yes,"Cold, Disease, Pest","TN, KA, AP",Unknown,130-135 days,Low,Cold|Disease|Pest,YES,https://seednet.gov.in/SeedVarieties/ssrsVarietydetail.aspx?varietycd=A01021903,A01021903,16,Not specified in document,csc
PADDY__DHAN___DRH-775__nan,Rice,DRH-775,2009,Yes,"Cold, Disease, Drought, Flood, Heat, Pest, Salt","CG, JH, WB",Unknown,Medium early maturity,High,Cold|Disease|Drought|Flood|Heat|Pest|Salt,YES,https://seednet.gov.in/SeedVarieties/ssrsVarietydetail.aspx?varietycd=A01021172,A01021172,188,Not specified in document,csc
PADDY__DHAN___PAC_837__A01022062,Rice Hybrid,PAC 835,2009,Yes,"Cold, Disease, Drought, Flood, Heat, Pest, Salt","EAS, WES",Unknown,132 days (Medium maturity),High,Cold|Disease|Drought|Flood|Heat|Pest|Salt,YES,https://seednet.gov.in/SeedVarieties/ssrsVarietydetail.aspx?varietycd=A01021857,A01021857,192,Not specified in document,csc
PADDY__DHAN___PAC_837__nan,Rice Hybrid,PAC 837,2009,Yes,"Cold, Disease, Drought, Flood, Heat, Pest, Salt","WES, EAS, NOR, SOU",Unknown,130 days (Medium maturity),High,Cold|Disease|Drought|Flood|Heat|Pest|Salt,YES,https://seednet.gov.in/SeedVarieties/ssrsVarietydetail.aspx?varietycd=A01021857,A01021857,192,Not specified in document,csc
WHEAT__GEHON___MACS_2971__nan,Wheat,MACS 2971,2009,No,Standard variety,"MH, KA, TN",Unknown,107 days (Medium Maturity),Low,,YES,https://seednet.gov.in/SeedVarieties/ssrsVarietydetail.aspx?varietycd=A0104399,A0104399,4,Not specified in document,csc
MAIZE__MAKKA___DHM-117___A0207383,Maize,HM-11,2009,Yes,"Cold, Disease, Drought, Flood, Heat, Pest, Salt","PB, HR, UK, U.P, BR",Unknown,110-160 days (Late maturity),High,Cold|Disease|Drought|Flood|Heat|Pest|Salt,YES,https://seednet.gov.in/SeedVarieties/ssrsVarietydetail.aspx?varietycd=A0207779,A0207779,191,Not specified in document,csc
MAIZE__MAKKA___DKC_7074__nan,Maize,DKC 7074R,2009,Yes,"Cold, Disease, Drought, Flood, Heat, Pest, Salt","MH, KA, TN, PB, HR",Unknown,86 days (Early maturity),High,Cold|Disease|Drought|Flood|Heat|Pest|Salt,YES,https://seednet.gov.in/SeedVarieties/ssrsVarietydetail.aspx?varietycd=A020717810,A020717810,149,Not specified in document,csc
MAIZE__MAKKA___Vivek_Sankul_Makka_35__VL_113___nan,Maize,Vivek Sankul Makka 35,2009,Yes,"Disease, Drought, Flood, Heat, Pest, Salt","UK, HP, JAM",Unknown,90-95 days (Early maturity),Low,Disease|Drought|Flood|Heat|Pest|Salt,YES,https://seednet.gov.in/SeedVarieties/ssrsVarietydetail.aspx?varietycd=A0207385,A0207385,14,Not specified in document,csc
MAIZE__MAKKA___Vivek_Sankul_Makka_37__VL_114___nan,Maize,Vivek Sankul Makka 37,2009,Yes,"Disease, Drought, Flood, Heat, Pest, Salt","MH, AP, TN",Unknown,82-85 days (Extra Early Maturity),Low,Disease|Drought|Flood|Heat|Pest|Salt,YES,https://seednet.gov.in/SeedVarieties/ssrsVarietydetail.aspx?varietycd=A0207386,A0207386,13,Not specified in document,csc
MAIZE__MAKKA___PAC_740__nan,Maize,PAC 740,2009,Yes,"Cold, Disease, Drought, Flood, Heat, Pest, Salt","PB, HR, DL, WES, PLA",Unknown,Full season maturity,High,Cold|Disease|Drought|Flood|Heat|Pest|Salt,YES,https://seednet.gov.in/SeedVarieties/ssrsVarietydetail.aspx?varietycd=A0207388,A0207388,133,Not specified in document,csc
MAIZE__MAKKA___JKMH-502__nan,Maize,JKMH-502,2009,Yes,"Cold, Disease, Drought, Flood, Heat, Pest, Salt","PB, HR, DL, UP",Unknown,Late maturity,High,Cold|Disease|Drought|Flood|Heat|Pest|Salt,YES,https://seednet.gov.in/SeedVarieties/ssrsVarietydetail.aspx?varietycd=A0207389,A0207389,80,Not specified in document,csc
Sorghum__fodder___CSH_24_MF__nan,Sorghum,CSH 24 MF,2009,Yes,"Cold, Disease, Drought, Flood, Heat, Pest, Salt","UK, U.P, GJ, HR, PB",Unknown,105-110 days (Early maturity),High,Cold|Disease|Drought|Flood|Heat|Pest|Salt,YES,https://seednet.gov.in/SeedVarieties/ssrsVarietydetail.aspx?varietycd=A062918230,A062918230,187,Not specified in document,csc
PIGEON_PEA__RED_GRAM__TJT_501__nan,Pigeon pea,TJT 501,2009,Yes,"Cold, Disease, Drought, Flood, Heat, Pest, Salt","MH, M.P, GJ, CG",Unknown,152-183 days,High,Cold|Disease|Drought|Flood|Heat|Pest|Salt,YES,https://seednet.gov.in/SeedVarieties/ssrsVarietydetail.aspx?varietycd=A0312128,A0312128,179,Not specified in document,csc
BRINJAL__Shubhra__nan,Chickpea,Shubhra,2009,Yes,"Cold, Disease, Drought, Flood, Heat, Pest, Salt","MP, CG, MH, GJ",Unknown,104-108 days,High,Cold|Disease|Drought|Flood|Heat|Pest|Salt,YES,https://seednet.gov.in/SeedVarieties/ssrsVarietydetail.aspx?varietycd=H0702314,H0702314,204,Not specified in document,csc
GREEN_GRAM__MOONG_BE__IPM_02-3__nan,Mungbean,IPM 02-3,2009,Yes,"Cold, Disease, Drought, Flood, Heat, Pest, Salt","RJ, PB, HR, DL, PLA",Unknown,70-72 days (Medium maturity),High,Cold|Disease|Drought|Flood|Heat|Pest|Salt,YES,https://seednet.gov.in/SeedVarieties/ssrsVarietydetail.aspx?varietycd=A0305147,A0305147,202,Not specified in document,csc
PADDY__DHAN___IPU-02-43__nan,Urdbean,IPU 02-43,2009,Yes,"Cold, Disease, Drought, Flood, Heat, Pest, Salt","A.P, KA, TN, ORI",Unknown,58-87 days (Early maturity),High,Cold|Disease|Drought|Flood|Heat|Pest|Salt,YES,https://seednet.gov.in/SeedVarieties/ssrsVarietydetail.aspx?varietycd=A01021826,A01021826,169,Not specified in document,csc
GROUNDNUT__PEA_NUT_M__RGN-145__nan,Indian Mustard,RGN-145,2009,No,Standard variety,"PLA, PB, HR, RJ, DL",Unknown,121-141 days (Medium Maturity),Low,,YES,https://seednet.gov.in/SeedVarieties/ssrsVarietydetail.aspx?varietycd=A0402170,A0402170,2,Not specified in document,csc
INDIAN_RAPESEED_AND___YSH_0401__nan,Yellow Sarson,YSH 0401,2009,Yes,"Cold, Disease, Drought, Flood, Heat, Pest, Salt","EAS, WB, BR",Unknown,115-120 days (Maturity),High,Cold|Disease|Drought|Flood|Heat|Pest|Salt,YES,https://seednet.gov.in/SeedVarieties/ssrsVarietydetail.aspx?varietycd=A0403121,A0403121,164,Not specified in document,csc
GOBHI_SARSON__Him_Sarson-1__nan,Gobhi Sarson,Him Sarson-1,2009,Yes,"Cold, Disease, Drought, Flood, Heat, Pest, Salt","J& , HP, UK",Unknown,146-184 days (Maturity),High,Cold|Disease|Drought|Flood|Heat|Pest|Salt,YES,https://seednet.gov.in/SeedVarieties/ssrsVarietydetail.aspx?varietycd=A0605009,A0605009,138,Not specified in document,csc
PADDY__DHAN___ANKIT__nan,Jute,ANKIT,2009,Yes,"Cold, Disease, Drought, Flood, Heat, Pest, Salt","BR, AS, ORI, WB, EAS",Unknown,160-170 days (Medium maturity),High,Cold|Disease|Drought|Flood|Heat|Pest|Salt,YES,https://seednet.gov.in/SeedVarieties/ssrsVarietydetail.aspx?varietycd=A01021646,A01021646,205,Not specified in document,csc
SUNNHEMP__PATUA___SUN-053__nan,Sunhemp,SUN-053,2009,No,Standard variety,"BR, UP, MP, MH, ORI",Unknown,120-150 days (Early maturity),Low,,YES,https://seednet.gov.in/SeedVarieties/ssrsVarietydetail.aspx?varietycd=A0504005,A0504005,0,Not specified in document,csc
SUNFLOWER__SURYAMUKH__PAC_334__nan,Sunflower Hybrid,PAC 334,2009,No,Disease,"GJ, MH, TAM, KA, AP",Unknown,100-105 days (Medium maturity),Low,Disease,YES,https://seednet.gov.in/SeedVarieties/ssrsVarietydetail.aspx?varietycd=A0411078,A0411078,5,Not specified in document,csc
PADDY__DHAN___NARENDRA_SANKAR_DHAN-2__A0102980,Rice,Narendra Usar Dhan 2008,2009,Yes,"Cold, Disease, Drought, Flood, Heat, Pest, Salt",NOT,Unknown,Not specified in document,High,Cold|Disease|Drought|Flood|Heat|Pest|Salt,YES,https://seednet.gov.in/SeedVarieties/ssrsVarietydetail.aspx?varietycd=A0102114,A0102114,149,Uttar Pradesh,csc
PADDY__DHAN___Narendra_Dhan_3112-1_Prakhar__IET_19335___nan,Rice,Narendra Dhan 3112-1 Prakhar,2009,No,Standard variety,NOT,Unknown,Not specified in document,Low,,YES,https://seednet.gov.in/SeedVarieties/ssrsVarietydetail.aspx?varietycd=A0102982,A0102982,0,Uttar Pradesh,csc
PUMPKIN__NARENDRA_AMRIT__A0102983,Rice,Narendra Lalmati,2009,Yes,"Cold, Disease, Drought, Flood, Heat, Pest, Salt",NOT,Unknown,Not specified in document,High,Cold|Disease|Drought|Flood|Heat|Pest|Salt,YES,https://seednet.gov.in/SeedVarieties/ssrsVarietydetail.aspx?varietycd=H0404008,H0404008,142,Uttar Pradesh,csc
PADDY__DHAN___TURANT_DHAN__A0102984,Rice,Rani Dhan,2009,Yes,"Cold, Disease, Drought, Flood, Heat, Pest, Salt",NOT,Unknown,Not specified in document,High,Cold|Disease|Drought|Flood|Heat|Pest|Salt,YES,https://seednet.gov.in/SeedVarieties/ssrsVarietydetail.aspx?varietycd=A0102045,A0102045,128,Orissa,csc
PADDY__DHAN___PUBM-8__nan,Rice,PUBM-8,2009,No,"Disease, Pest",NOT,Unknown,Not specified in document,Low,Disease|Pest,YES,https://seednet.gov.in/SeedVarieties/ssrsVarietydetail.aspx?varietycd=A0102986,A0102986,4,Karnataka,csc
BOTTLE_GOURD__Sharad__A0102987,Rice,SHARADA,2009,Yes,"Cold, Disease, Drought, Flood, Heat, Pest, Salt",NOT,Unknown,Not specified in document,High,Cold|Disease|Drought|Flood|Heat|Pest|Salt,YES,https://seednet.gov.in/SeedVarieties/ssrsVarietydetail.aspx?varietycd=H0402102,H0402102,211,Karnataka,csc
PADDY__DHAN___CSR_22__nan,Rice,CSR 22,2009,Yes,"Cold, Disease, Drought, Flood, Heat, Pest, Salt",NOT,Unknown,Not specified in document,High,Cold|Disease|Drought|Flood|Heat|Pest|Salt,YES,https://seednet.gov.in/SeedVarieties/ssrsVarietydetail.aspx?varietycd=A0102988,A0102988,153,Karnataka,csc
PADDY__DHAN___KHP-10__nan,Rice,KHP-10,2009,Yes,"Cold, Disease, Drought, Flood, Heat, Pest, Salt",NOT,Unknown,Not specified in document,High,Cold|Disease|Drought|Flood|Heat|Pest|Salt,YES,https://seednet.gov.in/SeedVarieties/ssrsVarietydetail.aspx?varietycd=A0102989,A0102989,69,Karnataka,csc
PADDY__DHAN___MGD_101__nan,Rice,MGD 101,2009,Yes,"Cold, Disease, Drought, Flood, Heat, Pest, Salt",NOT,Unknown,Not specified in document,High,Cold|Disease|Drought|Flood|Heat|Pest|Salt,YES,https://seednet.gov.in/SeedVarieties/ssrsVarietydetail.aspx?varietycd=A0102991,A0102991,117,Karnataka,csc
LETHYRUS__Ratan__nan,Wheat,Ratan,2009,Yes,"Cold, Disease, Drought, Flood, Heat, Pest, Salt",NOT,Unknown,Not specified in document,High,Cold|Disease|Drought|Flood|Heat|Pest|Salt,YES,https://seednet.gov.in/SeedVarieties/ssrsVarietydetail.aspx?varietycd=A0315002,A0315002,204,Chhattisgarh,csc
MAIZE__MAKKA___EH-434042__DH1___nan,Maize,EH-434042,2009,No,"Disease, Pest",NOT,Unknown,Not specified in document,Low,Disease|Pest,YES,https://seednet.gov.in/SeedVarieties/ssrsVarietydetail.aspx?varietycd=A0207390,A0207390,2,Karnataka,csc
SORGHUM__JOWAR_GREAT__DSV_6__nan,Sorghum,DSV 6,2009,Yes,"Cold, Disease, Drought, Flood, Heat, Pest, Salt",NOT,Unknown,Not specified in document,High,Cold|Disease|Drought|Flood|Heat|Pest|Salt,YES,https://seednet.gov.in/SeedVarieties/ssrsVarietydetail.aspx?varietycd=A0210276,A0210276,137,Karnataka,csc
FINGER_MILLET__RAGI___ML-365__nan,Ragi,ML-365,2009,Yes,"Cold, Disease, Drought, Flood, Heat, Pest, Salt",NOT,Unknown,Not specified in document,High,Cold|Disease|Drought|Flood|Heat|Pest|Salt,YES,https://seednet.gov.in/SeedVarieties/ssrsVarietydetail.aspx?varietycd=A0204114,A0204114,83,Karnataka,csc
PADDY__DHAN___PAIYUR-1__nan,Ragi,Paiyur,2009,Yes,"Cold, Disease, Drought, Flood, Heat, Pest, Salt",NOT,Unknown,Not specified in document,High,Cold|Disease|Drought|Flood|Heat|Pest|Salt,YES,https://seednet.gov.in/SeedVarieties/ssrsVarietydetail.aspx?varietycd=A0102392,A0102392,192,Tamil Nadu,csc
BENGAL_GRAM__GRAM_CH__BGD-103__nan,Chickpea,BGD-103,2009,Yes,"Cold, Disease, Drought, Flood, Heat, Pest, Salt",NOT,Unknown,Not specified in document,High,Cold|Disease|Drought|Flood|Heat|Pest|Salt,YES,https://seednet.gov.in/SeedVarieties/ssrsVarietydetail.aspx?varietycd=A0302189,A0302189,174,Karnataka,csc
BLACK_GRAM__URD_BEAN__Madhira_Minumu-207__nan,Black Gram,Madhira Minumu ��� 207,2009,Yes,"Disease, Flood, Pest",NOT,Unknown,Not specified in document,Low,Disease|Flood|Pest,YES,https://seednet.gov.in/SeedVarieties/ssrsVarietydetail.aspx?varietycd=A0301105,A0301105,6,Andhra Pradesh,csc
GREEN_GRAM__MOONG_BE__KKM-3__nan,Green Gram,KKM-3,2009,Yes,"Cold, Disease, Drought, Flood, Heat, Pest, Salt",NOT,Unknown,Not specified in document,High,Cold|Disease|Drought|Flood|Heat|Pest|Salt,YES,https://seednet.gov.in/SeedVarieties/ssrsVarietydetail.aspx?varietycd=A0305148,A0305148,180,Karnataka,csc
CHILLIES__Surya__nan,Red Gram,Surya,2009,Yes,"Cold, Disease, Drought, Flood, Heat, Pest, Salt",NOT,Unknown,Not specified in document,High,Cold|Disease|Drought|Flood|Heat|Pest|Salt,YES,https://seednet.gov.in/SeedVarieties/ssrsVarietydetail.aspx?varietycd=H0703205,H0703205,211,Andhra Pradesh,csc
HORSE_GRAM__KULTHI_K__GPM-6__nan,Horse Gram,GPM-6,2009,Yes,"Cold, Disease, Pest",NOT,Unknown,Not specified in document,Low,Cold|Disease|Pest,YES,https://seednet.gov.in/SeedVarieties/ssrsVarietydetail.aspx?varietycd=A0306026,A0306026,14,Karnataka,csc
GROUNDNUT__PEA_NUT_M__Kadiri-9__nan,Ground Nut,Kadiri-9,2009,Yes,"Cold, Disease, Drought, Flood, Heat, Pest",NOT,Unknown,Not specified in document,Medium,Cold|Disease|Drought|Flood|Heat|Pest,YES,https://seednet.gov.in/SeedVarieties/ssrsVarietydetail.aspx?varietycd=A0402172,A0402172,34,Andhra Pradesh,csc
GROUNDNUT__PEA_NUT_M__VRI__Gn__7__nan,Ground Nut,VRI (Gn) 7,2009,Yes,"Cold, Disease, Drought, Flood, Heat, Pest",NOT,Unknown,Not specified in document,Medium,Cold|Disease|Drought|Flood|Heat|Pest,YES,https://seednet.gov.in/SeedVarieties/ssrsVarietydetail.aspx?varietycd=A0402173,A0402173,28,Tamil Nadu,csc
GROUNDNUT__PEA_NUT_M__Greeshma__nan,Ground Nut,Greeshma,2009,Yes,"Cold, Disease, Drought, Flood, Heat, Pest, Salt",NOT,Unknown,Not specified in document,Medium,Cold|Disease|Drought|Flood|Heat|Pest|Salt,YES,https://seednet.gov.in/SeedVarieties/ssrsVarietydetail.aspx?varietycd=A0402174,A0402174,49,Andhra Pradesh,csc
GROUNDNUT__PEA_NUT_M__Kadiri-7__nan,Ground Nut,Kadiri-7,2009,Yes,"Cold, Disease, Drought, Flood, Heat, Pest",NOT,Unknown,Not specified in document,Medium,Cold|Disease|Drought|Flood|Heat|Pest,YES,https://seednet.gov.in/SeedVarieties/ssrsVarietydetail.aspx?varietycd=A0402175,A0402175,33,Andhra Pradesh,csc
GROUNDNUT__PEA_NUT_M__Kadiri-8__nan,Ground Nut,Kadiri-8,2009,Yes,"Cold, Disease, Drought, Flood, Heat, Pest",NOT,Unknown,Not specified in document,Medium,Cold|Disease|Drought|Flood|Heat|Pest,YES,https://seednet.gov.in/SeedVarieties/ssrsVarietydetail.aspx?varietycd=A0402176,A0402176,31,Andhra Pradesh,csc
SUNFLOWER__SURYAMUKH__KBSH-53__nan,Sunflower,KBSH-53,2009,Yes,"Cold, Disease, Drought, Flood, Heat, Pest, Salt",NOT,Unknown,Not specified in document,High,Cold|Disease|Drought|Flood|Heat|Pest|Salt,YES,https://seednet.gov.in/SeedVarieties/ssrsVarietydetail.aspx?varietycd=A0411079,A0411079,53,Karnataka,csc
PADDY__DHAN___RAJENDRA_BHAGVATI__nan,Rice,Rajendra Bhagwati,2009,Yes,"Cold, Disease, Drought, Flood, Heat, Pest, Salt",NOT,Unknown,Not specified in document,High,Cold|Disease|Drought|Flood|Heat|Pest|Salt,YES,https://seednet.gov.in/SeedVarieties/ssrsVarietydetail.aspx?varietycd=A0102852,A0102852,69,Bihar,csc
PADDY__DHAN___CO_R_49__nan,Rice,CO(R) 49,2009,Yes,"Cold, Disease, Drought, Flood, Heat, Pest, Salt",NOT,Unknown,Not specified in document,High,Cold|Disease|Drought|Flood|Heat|Pest|Salt,YES,https://seednet.gov.in/SeedVarieties/ssrsVarietydetail.aspx?varietycd=A0102952,A0102952,171,Tamil Nadu,csc
BHINDI__OKRA___indranil__A0102577,Rice,Indrayani,2009,Yes,"Cold, Disease, Drought, Flood, Heat, Pest, Salt",NOT,Unknown,Not specified in document,High,Cold|Disease|Drought|Flood|Heat|Pest|Salt,YES,https://seednet.gov.in/SeedVarieties/ssrsVarietydetail.aspx?varietycd=H0704187,H0704187,186,Maharashtra,csc
BLACK_GRAM__URD_BEAN__Vallabh_Urd_-_1__nan,Black Gram,Vallabh Urd-1,2009,Yes,"Cold, Disease, Drought, Flood, Heat, Pest, Salt",NOT,Unknown,Not specified in document,High,Cold|Disease|Drought|Flood|Heat|Pest|Salt,YES,https://seednet.gov.in/SeedVarieties/ssrsVarietydetail.aspx?varietycd=A0301119,A0301119,164,Not specified in document,csc
INDIAN_RAPESEED_AND___Chhattisgarh_Sarson__nan,Mustard,Chhattisgarh Sarson,2009,Yes,"Cold, Disease, Drought, Flood, Heat, Pest, Salt",NOT,Unknown,Not specified in document,High,Cold|Disease|Drought|Flood|Heat|Pest|Salt,YES,https://seednet.gov.in/SeedVarieties/ssrsVarietydetail.aspx?varietycd=A0403130,A0403130,112,Chhattisgarh,csc
BLACK_GRAM__URD_BEAN__DU-1__nan,Black Gram,DU-1,2009,Yes,"Cold, Disease, Drought, Flood, Heat, Pest, Salt",NOT,Unknown,Not specified in document,High,Cold|Disease|Drought|Flood|Heat|Pest|Salt,YES,https://seednet.gov.in/SeedVarieties/ssrsVarietydetail.aspx?varietycd=A030116562,A030116562,194,Karnataka,csc
COWPEA__LOBIA_ASPARA__KM-5__nan,Cowpea,KM-5,2009,No,Standard variety,NOT,Unknown,Not specified in document,Low,,YES,https://seednet.gov.in/SeedVarieties/ssrsVarietydetail.aspx?varietycd=A0303092,A0303092,10,Karnataka,csc
INDIAN_BEAN__FIELD_B__HA-4__nan,Field Bean,HA 4,2009,Yes,"Cold, Disease, Drought, Flood, Heat, Pest, Salt",NOT,Unknown,Not specified in document,High,Cold|Disease|Drought|Flood|Heat|Pest|Salt,YES,https://seednet.gov.in/SeedVarieties/ssrsVarietydetail.aspx?varietycd=A0307028,A0307028,190,Karnataka,csc
SOYBEAN__BHAT___LSB-1__nan,Soyabean,LSb-3,2009,Yes,"Cold, Disease, Drought, Flood, Heat, Pest, Salt",NOT,Unknown,Not specified in document,High,Cold|Disease|Drought|Flood|Heat|Pest|Salt,YES,https://seednet.gov.in/SeedVarieties/ssrsVarietydetail.aspx?varietycd=A0410022,A0410022,155,Andhra Pradesh,csc
CLUSTER_BEAN__Sarada__nan,Sesame,Sarada,2009,Yes,"Cold, Disease, Drought, Flood, Heat, Pest, Salt",NOT,Unknown,Not specified in document,High,Cold|Disease|Drought|Flood|Heat|Pest|Salt,YES,https://seednet.gov.in/SeedVarieties/ssrsVarietydetail.aspx?varietycd=H1203006,H1203006,208,Andhra Pradesh,csc
SUGARCANE__NOBLE_CAN__SNK-004__nan,Sugar Cane,SNK 044,2009,No,Standard variety,NOT,Unknown,Not specified in document,Low,,YES,https://seednet.gov.in/SeedVarieties/ssrsVarietydetail.aspx?varietycd=A0701069,A0701069,0,Karnataka,csc
PADDY__DHAN___SAHYADRI__nan,Tobacco,Sahyadri,2009,Yes,"Cold, Disease, Drought, Flood, Heat, Pest, Salt",NOT,Unknown,Not specified in document,High,Cold|Disease|Drought|Flood|Heat|Pest|Salt,YES,https://seednet.gov.in/SeedVarieties/ssrsVarietydetail.aspx?varietycd=A0102148,A0102148,206,Karnataka,csc
SORGHUM__JOWAR_GREAT__SPH-1567__nan,Sorghum,SPH-1567,2009,Yes,"Cold, Disease, Drought, Flood, Heat, Pest, Salt",NOT,Unknown,Not specified in document,High,Cold|Disease|Drought|Flood|Heat|Pest|Salt,YES,https://seednet.gov.in/SeedVarieties/ssrsVarietydetail.aspx?varietycd=A0210191,A0210191,67,Maharashtra,csc
PADDY__DHAN___CR_DHAN-211__nan,Rice,CR Dhan 211,2023,Yes,"Cold, Disease, Drought, Flood, Heat, Pest, Salt","OR, BR, JH, MH, GJ",Unknown,Not Available,High,Cold|Disease|Drought|Flood|Heat|Pest|Salt,YES,https://seednet.gov.in/SeedVarieties/ssrsVarietydetail.aspx?varietycd=A010218313,A010218313,52,ICAR-National Rice Research Institute,csc
PADDY__DHAN___CR_DHAN-211__nan,Rice,CR Dhan 212,2023,Yes,"Cold, Disease, Drought, Flood, Heat, Pest, Salt","OR, BR, JH",Unknown,Not Available,High,Cold|Disease|Drought|Flood|Heat|Pest|Salt,YES,https://seednet.gov.in/SeedVarieties/ssrsVarietydetail.aspx?varietycd=A010218313,A010218313,52,ICAR-National Rice Research Institute,csc
PADDY__DHAN___CR_DHAN-214__nan,Rice,CR Dhan 214,2023,Yes,"Cold, Disease, Drought, Flood, Heat, Pest, Salt","OR, BR",Unknown,Not Available,Medium,Cold|Disease|Drought|Flood|Heat|Pest|Salt,YES,https://seednet.gov.in/SeedVarieties/ssrsVarietydetail.aspx?varietycd=A010218314,A010218314,34,"Rice Research Station (CRURRS), ICAR-National Rice Research Institute",csc
PADDY__DHAN___CR_Dhan_328__nan,Rice,CR Dhan 322,2023,Yes,"Cold, Disease, Drought, Flood, Heat, Pest, Salt","CG, MH",Unknown,Not Available,High,Cold|Disease|Drought|Flood|Heat|Pest|Salt,YES,https://seednet.gov.in/SeedVarieties/ssrsVarietydetail.aspx?varietycd=A010218040,A010218040,69,ICAR-National Rice Research Institute,csc
PADDY__DHAN___CR_Dhan_328__nan,Rice,CR Dhan 329,2023,Yes,"Cold, Disease, Drought, Flood, Heat, Pest, Salt","GJ, MH, OR, BR",Unknown,Not Available,High,Cold|Disease|Drought|Flood|Heat|Pest|Salt,YES,https://seednet.gov.in/SeedVarieties/ssrsVarietydetail.aspx?varietycd=A010218040,A010218040,69,ICAR-National Rice Research Institute,csc
PADDY__DHAN___CR_Dhan_310__nan,Rice,CR Dhan 331,2023,Yes,"Cold, Disease, Drought, Flood, Heat, Pest, Salt","MH, CG",Unknown,Not Available,High,Cold|Disease|Drought|Flood|Heat|Pest|Salt,YES,https://seednet.gov.in/SeedVarieties/ssrsVarietydetail.aspx?varietycd=A010217731,A010217731,203,ICAR-National Rice Research Institute,csc
PADDY__DHAN___CR_Dhan_-_809__nan,Rice,CR Dhan 804,2023,Yes,"Cold, Disease, Drought, Flood, Heat, Pest, Salt","JH, UP, TN, MP, CG",Unknown,Not Available,High,Cold|Disease|Drought|Flood|Heat|Pest|Salt,YES,https://seednet.gov.in/SeedVarieties/ssrsVarietydetail.aspx?varietycd=A010218860,A010218860,56,"Rice Research Station (CRURRS), ICAR-National Rice Research Institute",csc
PADDY__DHAN___CR_DHAN-807__nan,Rice,CR Dhan 807,2023,Yes,"Cold, Disease, Drought, Flood, Heat, Pest, Salt","JH, OR, AP, TN, CG",Unknown,Not Available,High,Cold|Disease|Drought|Flood|Heat|Pest|Salt,YES,https://seednet.gov.in/SeedVarieties/ssrsVarietydetail.aspx?varietycd=A010218312,A010218312,88,ICAR-National Rice Research Institute,csc
PADDY__DHAN___CR_Dhan_-_809__nan,Rice,CR Dhan 808,2023,Yes,"Cold, Disease, Drought, Flood, Heat, Pest, Salt","BR, JH",Unknown,Not Available,High,Cold|Disease|Drought|Flood|Heat|Pest|Salt,YES,https://seednet.gov.in/SeedVarieties/ssrsVarietydetail.aspx?varietycd=A010218860,A010218860,56,"Rice Research Station (CRURRS), ICAR-National Rice Research Institute",csc
PADDY__DHAN___Uttar_Ganga__nan,Rice,Uttar Ganga,2023,Yes,"Cold, Disease, Drought, Flood, Heat, Pest, Salt","WB, OR, UP",Unknown,Not Available,High,Cold|Disease|Drought|Flood|Heat|Pest|Salt,YES,https://seednet.gov.in/SeedVarieties/ssrsVarietydetail.aspx?varietycd=A010218268,A010218268,94,"ICAR- AICRP on Rice, Uttar Banga Krishi Vishwavidyalaya",csc
PADDY__DHAN___AAu-KMJ-Dhan-46__Surma_Dhan___nan,Rice,SurmaDhan (AAU-KMJ Dhan-46),2023,Yes,"Cold, Disease, Drought, Flood, Heat, Pest, Salt","BR, OR, UTT",Unknown,Not Available,Medium,Cold|Disease|Drought|Flood|Heat|Pest|Salt,YES,https://seednet.gov.in/SeedVarieties/ssrsVarietydetail.aspx?varietycd=A010217701,A010217701,32,"ICAR- AICRP on Rice, Regional Agricultural Research Station, Assam Agricultural University",csc
PADDY__DHAN___DRR_DHAN_57__nan,Rice,DRR Dhan 70,2023,Yes,"Cold, Disease, Drought, Flood, Heat, Pest, Salt",ODI,Unknown,Not Available,High,Cold|Disease|Drought|Flood|Heat|Pest|Salt,YES,https://seednet.gov.in/SeedVarieties/ssrsVarietydetail.aspx?varietycd=A010217128,A010217128,141,"ICAR - Indian Institute of Rice Research Hyderabad,",csc
PADDY__DHAN___DRR_DHAN_57__nan,Rice,DRR Dhan 71,2023,Yes,"Cold, Disease, Drought, Flood, Heat, Pest, Salt","OR, GUJ",Unknown,Not Available,High,Cold|Disease|Drought|Flood|Heat|Pest|Salt,YES,https://seednet.gov.in/SeedVarieties/ssrsVarietydetail.aspx?varietycd=A010217128,A010217128,141,"ICAR - Indian Institute of Rice Research Hyderabad,",csc
PADDY__DHAN___DRR_DHAN_57__nan,Rice,DRR Dhan 72,2023,Yes,"Cold, Disease, Drought, Flood, Heat, Pest, Salt",KAR,Unknown,Not Available,High,Cold|Disease|Drought|Flood|Heat|Pest|Salt,YES,https://seednet.gov.in/SeedVarieties/ssrsVarietydetail.aspx?varietycd=A010217128,A010217128,141,"ICAR-Indian Institute of Rice Research,",csc
PADDY__DHAN___DRRH-1__nan,Rice,DRRH-5,2023,Yes,"Cold, Disease, Drought, Flood, Heat, Pest, Salt","WB, GJ, GOA",Unknown,Not Available,High,Cold|Disease|Drought|Flood|Heat|Pest|Salt,YES,https://seednet.gov.in/SeedVarieties/ssrsVarietydetail.aspx?varietycd=A0102088,A0102088,193,"ICAR - Indian Institute of Rice Research Hyderabad,",csc
PADDY__DHAN___MTU_Rice_1273__nan,Rice,MTU Rice 1275,2023,Yes,"Cold, Disease, Drought, Flood, Heat, Pest, Salt","AP, TG, TN, KAR",Unknown,Not Available,High,Cold|Disease|Drought|Flood|Heat|Pest|Salt,YES,https://seednet.gov.in/SeedVarieties/ssrsVarietydetail.aspx?varietycd=A010217678,A010217678,81,"ICAR- AICRP on Rice, Regional Research Station (Acharya N.G. Ranga Agricultural University)",csc
PADDY__DHAN___28P67__A010218835,Rice,28P68,2023,Yes,"Cold, Disease, Drought, Flood, Heat, Pest, Salt","UP, BR, JH, ODI",Unknown,Not Available,High,Cold|Disease|Drought|Flood|Heat|Pest|Salt,YES,https://seednet.gov.in/SeedVarieties/ssrsVarietydetail.aspx?varietycd=A010218034,A010218034,154,Corteva Agriscience Seeds Private Limited,csc
PADDY__DHAN___sava-7501__nan,Rice,Sava 7501,2023,Yes,"Cold, Disease, Drought, Flood, Heat, Pest, Salt","WES, JAM",Unknown,Not Available,High,Cold|Disease|Drought|Flood|Heat|Pest|Salt,YES,https://seednet.gov.in/SeedVarieties/ssrsVarietydetail.aspx?varietycd=A010218253,A010218253,84,Savannah Seeds Private Limited,csc
PADDY__DHAN___sava-7301__nan,Rice,Sava 7301,2023,Yes,"Cold, Disease, Drought, Flood, Heat, Pest, Salt",JHA,Unknown,Not Available,High,Cold|Disease|Drought|Flood|Heat|Pest|Salt,YES,https://seednet.gov.in/SeedVarieties/ssrsVarietydetail.aspx?varietycd=A010218252,A010218252,52,Savannah Seeds Private Limited,csc
PADDY__DHAN___KKL__R_-1__nan,Rice,KKL (R) 3,2023,Yes,"Disease, Drought, Flood, Pest, Salt","HR, PY, TN",Unknown,Not Available,Low,Disease|Drought|Flood|Pest|Salt,YES,https://seednet.gov.in/SeedVarieties/ssrsVarietydetail.aspx?varietycd=A0102962,A0102962,12,"ICAR-AICRP on Rice, Pandit Jawaharlal Nehru College of Agriculture and Research Institute",csc
